{"name":"sbt","version":"1.10.5","bspVersion":"2.1.0-M1","languages":["scala"],"argv":["/Users/sandyrodriguezaponte/Library/Java/JavaVirtualMachines/corretto-18.0.2/Contents/Home/bin/java","-Xms100m","-Xmx100m","-classpath","/Users/sandyrodriguezaponte/Library/Application Support/JetBrains/IdeaIC2024.2/plugins/Scala/launcher/sbt-launch.jar","xsbt.boot.Boot","-bsp","--sbt-launch-jar=/Users/sandyrodriguezaponte/Library/Application%20Support/JetBrains/IdeaIC2024.2/plugins/Scala/launcher/sbt-launch.jar"]}